-- Osoby
INSERT INTO Osoba VALUES ('68091791463','Amir','Lewandowski','+48500603908')
INSERT INTO Osoba VALUES ('01220553251','Emanuel','Kwiatkowski','+48730637048')--
INSERT INTO Osoba VALUES ('61101135754','Hubert','Michalak','+48657220742')
INSERT INTO Osoba VALUES ('94112647521','Leonardo','Jasiñski','+48715067999')
INSERT INTO Osoba VALUES ('81030349481','Franciszek','Koz³owski','+48512691867')--
INSERT INTO Osoba VALUES ('94100469847','Alan','Jasiñski','+48807726684')--
INSERT INTO Osoba VALUES ('80121424974','Igor','Lis','+48123944577')--
INSERT INTO Osoba VALUES ('74031397954','Piotr','Sawicki','+48469612033') 
INSERT INTO Osoba VALUES ('93120584857','Halina','Witkowska','+48103360113')
INSERT INTO Osoba VALUES ('61082577748','Urszula','Ko³odziej','+48688508272')--
INSERT INTO Osoba VALUES ('95103097732','Arleta','Górecka','+48227607322')--
INSERT INTO Osoba VALUES ('90080971929','Idalia','Soko³owska','+48432115967') -- 
INSERT INTO Osoba VALUES ('82012912741','Agnieszka','Górecka','+48796325659')--
INSERT INTO Osoba VALUES ('80102575738','Nina','Wiœniewska','+48384105724')--
INSERT INTO Osoba VALUES ('86041031632','Dorota','Ostrowska','+48603484405')
INSERT INTO Osoba VALUES ('70080215251','Paula','Jakubowska','+48870092919') --
INSERT INTO Osoba VALUES ('89012912532','Stefan','Kowalski','+48603420785')--PIESI
INSERT INTO Osoba VALUES ('72090215471','Leokadia','Lewandowska','+48503420381')
INSERT INTO Osoba VALUES ('99070315991','Bartosz','Jeleniewski','+48607421389')
--INSERT INTO Osoba VALUES ('12345678908','Imie','Nazwisko','+485A4206684')

-- Prawa jazdy
INSERT INTO Prawo_jazdy VALUES ('A1234567','2005-08-23','1990-08-23','70080215251')
INSERT INTO Prawo_jazdy VALUES ('A1234567','2020-08-23','2005-08-23','70080215251')
INSERT INTO Prawo_jazdy VALUES ('A1234567','2035-08-23','2020-08-23','70080215251')
INSERT INTO Prawo_jazdy VALUES ('B1433527','2015-04-14','2000-04-14','81030349481')
INSERT INTO Prawo_jazdy VALUES ('B1433527','2030-04-14','2015-04-14','81030349481')
INSERT INTO Prawo_jazdy VALUES ('C7541234','2016-07-22','2001-07-22','80121424974')
INSERT INTO Prawo_jazdy VALUES ('C7541234','2031-07-22','2016-07-22','80121424974')
INSERT INTO Prawo_jazdy VALUES ('P4316322','2026-03-13','2011-03-13','94112647521')
INSERT INTO Prawo_jazdy VALUES ('C3124312','2015-11-12','2000-11-12','80102575738')
INSERT INTO Prawo_jazdy VALUES ('C3124312','2030-11-12','2015-11-12','80102575738')
INSERT INTO Prawo_jazdy VALUES ('D1236734','2002-12-12','1987-12-12','61082577748')
INSERT INTO Prawo_jazdy VALUES ('D1236734','2017-12-12','2002-12-12','61082577748')
INSERT INTO Prawo_jazdy VALUES ('D1236734','2032-12-12','2017-12-12','61082577748')
INSERT INTO Prawo_jazdy VALUES ('C2123422','2014-04-07','1999-04-07','82012912741')
INSERT INTO Prawo_jazdy VALUES ('C2123422','2029-04-07','2014-04-07','82012912741')
INSERT INTO Prawo_jazdy VALUES ('D3423749','2029-01-24','2014-01-24','95103097732')
INSERT INTO Prawo_jazdy VALUES ('C2123456','2035-03-12','2020-03-12','01220553251')
INSERT INTO Prawo_jazdy VALUES ('Z2123356','2030-03-12','2015-03-12','74031397954')
INSERT INTO Prawo_jazdy VALUES ('G2123999','2030-06-17','2015-06-17','90080971929')
-- Auta
INSERT INTO Samochod VALUES ('GDA12345',2020,'Mercedes','GLS-400')
INSERT INTO Samochod VALUES ('GKA12765',2010,'BMW','X5')
INSERT INTO Samochod VALUES ('WA14315',2020,'Lamborghini','Aventador')
INSERT INTO Samochod VALUES ('KRK16425',2012,'Chevrolet','Camaro')
INSERT INTO Samochod VALUES ('GDA12390',1982,'DeLorean','DMC-12')
INSERT INTO Samochod VALUES ('KRK11751',2015,'Lamborghini','Urus')
INSERT INTO Samochod VALUES ('GDA12735',2020,'Mercedes','Klasa G')
INSERT INTO Samochod VALUES ('KRK16433',2016,'Chevrolet','Captiva') -- 
INSERT INTO Samochod VALUES ('WA521157',2019,'Mercedes','GLE')
INSERT INTO Samochod VALUES ('GKA87534',2012,'BMW','X5')
INSERT INTO Samochod VALUES ('KRK24424',2015,'Lamborghini','X5')
INSERT INTO Samochod VALUES ('GDA96435',2014,'Chevrolet','Corvette')
INSERT INTO Samochod VALUES ('GKA12477',2019,'BMW','X7')
INSERT INTO Samochod VALUES ('KRK73371',2018,'BMW','X5')--bez polisy
INSERT INTO Samochod VALUES ('GDA12333',2020,'Audi','R8') -- dodaæ do polisy i posiadania dla 70080215251
INSERT INTO Samochod(Nr_rej,Rok_prod,Marka) VALUES ('PZ453123',1980,'Mercedes')
-- Posiadanie aut
INSERT INTO Posiadanie VALUES ('GDA12345','93120584857')
INSERT INTO Posiadanie VALUES ('GKA12765','61101135754')
INSERT INTO Posiadanie VALUES ('WA14315','81030349481')
INSERT INTO Posiadanie VALUES ('GDA12390','81030349481')
INSERT INTO Posiadanie VALUES ('KRK16425','81030349481')
INSERT INTO Posiadanie VALUES ('KRK11751','95103097732')
INSERT INTO Posiadanie VALUES ('KRK16433','80102575738')
INSERT INTO Posiadanie VALUES ('GDA12735','70080215251')
INSERT INTO Posiadanie VALUES ('WA521157','94100469847')
INSERT INTO Posiadanie VALUES ('GKA87534','90080971929')
INSERT INTO Posiadanie VALUES ('KRK24424','74031397954')
INSERT INTO Posiadanie VALUES ('GDA96435','01220553251')
INSERT INTO Posiadanie VALUES ('GKA12477','94100469847')
INSERT INTO Posiadanie VALUES ('KRK73371','61082577748')
INSERT INTO Posiadanie VALUES ('PZ453123','99070315991')


INSERT INTO Posiadanie VALUES ('GDA12345','81030349481')
INSERT INTO Posiadanie VALUES ('GDA12390','94100469847')
INSERT INTO Posiadanie VALUES ('KRK11751','93120584857')
INSERT INTO Posiadanie VALUES ('KRK24424','61082577748')
INSERT INTO Posiadanie VALUES ('GKA12477','74031397954')
INSERT INTO Posiadanie VALUES ('GDA12333','70080215251')
-- Polisy
INSERT INTO Polisa VALUES('OC+AC','2014-08-23','2019-08-23',2000,'GDA12345')--
INSERT INTO Ubezpieczenie VALUES(IDENT_CURRENT('Polisa'),'93120584857')
INSERT INTO Polisa VALUES('OC+AC','2019-08-23','2026-08-23',6*2200,'GDA12345')--
INSERT INTO Ubezpieczenie VALUES(IDENT_CURRENT('Polisa'),'93120584857')
INSERT INTO Polisa VALUES('OC+AC+ASSISTANCE','2016-03-21','2022-03-21',2600.99,'GKA12765')--
INSERT INTO Ubezpieczenie VALUES(IDENT_CURRENT('Polisa'),'61101135754')
INSERT INTO Polisa VALUES('OC+AC+ASSISTANCE','2014-04-27','2019-04-27',2900,'WA14315')--
INSERT INTO Ubezpieczenie VALUES(IDENT_CURRENT('Polisa'),'81030349481')
INSERT INTO Polisa VALUES('OC+AC+ASSISTANCE','2019-04-27','2024-04-27',2900,'WA14315')--
INSERT INTO Ubezpieczenie VALUES(IDENT_CURRENT('Polisa'),'81030349481')
INSERT INTO Polisa VALUES('OC','2013-01-11','2017-01-11',2050,'KRK16425')--
INSERT INTO Ubezpieczenie VALUES(IDENT_CURRENT('Polisa'),'81030349481')
INSERT INTO Polisa VALUES('OC','2017-01-11','2022-01-11',6*2050,'KRK16425')--
INSERT INTO Ubezpieczenie VALUES(IDENT_CURRENT('Polisa'),'81030349481')
INSERT INTO Polisa VALUES('OC','2018-02-03','2022-02-03',1300,'GDA12390')--
INSERT INTO Ubezpieczenie VALUES(IDENT_CURRENT('Polisa'),'95103097732')
INSERT INTO Polisa VALUES('OC+AC','2013-01-24','2016-01-24',1600,'KRK11751') --
INSERT INTO Ubezpieczenie VALUES(IDENT_CURRENT('Polisa'),'80102575738')
INSERT INTO Polisa VALUES('OC+AC','2016-01-24','2023-01-24',1500,'KRK11751') --
INSERT INTO Ubezpieczenie VALUES(IDENT_CURRENT('Polisa'),'80102575738')
INSERT INTO Polisa VALUES('OC+AC+ASSISTANCE','2015-08-23','2020-03-25',3000,'GDA12735')--
INSERT INTO Ubezpieczenie VALUES(IDENT_CURRENT('Polisa'),'70080215251')
INSERT INTO Polisa VALUES('OC+AC+ASSISTANCE','2020-08-23','2025-03-25',3200,'GDA12735')--
INSERT INTO Ubezpieczenie VALUES(IDENT_CURRENT('Polisa'),'70080215251')
INSERT INTO Polisa VALUES('OC+AC','2019-03-16','2022-03-16',1900,'WA521157') -- Nie oplacona
INSERT INTO Ubezpieczenie VALUES(IDENT_CURRENT('Polisa'),'94100469847')
INSERT INTO Polisa VALUES('OC+AC+ASSISTANCE','2013-03-13','2016-03-13',3000,'KRK16433')--
INSERT INTO Ubezpieczenie VALUES(IDENT_CURRENT('Polisa'),'90080971929')
INSERT INTO Polisa VALUES('OC+AC+ASSISTANCE','2016-03-13','2022-03-13',2800,'KRK16433')--
INSERT INTO Ubezpieczenie VALUES(IDENT_CURRENT('Polisa'),'90080971929')
INSERT INTO Polisa VALUES('OC+AC+ASSISTANCE','2014-02-14','2020-02-14',4000,'GKA87534') --GDA12735
INSERT INTO Ubezpieczenie VALUES(IDENT_CURRENT('Polisa'),'74031397954')
INSERT INTO Polisa VALUES('OC+AC+ASSISTANCE','2020-02-14','2024-02-14',3700,'GKA87534') --
INSERT INTO Ubezpieczenie VALUES(IDENT_CURRENT('Polisa'),'74031397954')
INSERT INTO Polisa VALUES('OC+AC+ASSISTANCE','2019-12-25','2025-12-25',4000,'KRK24424')--
INSERT INTO Ubezpieczenie VALUES(IDENT_CURRENT('Polisa'),'01220553251')
INSERT INTO Polisa VALUES('OC','2015-02-06','2020-02-06',1200,'GDA96435')
INSERT INTO Ubezpieczenie VALUES(IDENT_CURRENT('Polisa'),'94100469847')
INSERT INTO Polisa VALUES('OC','2020-02-06','2024-02-06',1200,'GDA96435') -- bedzie nie oplacona
INSERT INTO Ubezpieczenie VALUES(IDENT_CURRENT('Polisa'),'94100469847')
INSERT INTO Polisa VALUES('OC+AC','2020-01-05','2024-01-05',1900.999,'GKA12477') -- bedzie nie oplacona
INSERT INTO Ubezpieczenie VALUES(IDENT_CURRENT('Polisa'),'61082577748')
INSERT INTO Polisa VALUES('OC+AC+ASSISTANCE','2021-01-21','2025-01-21',3000,'GDA12333')-- bedzie nie oplacona
INSERT INTO Ubezpieczenie VALUES(IDENT_CURRENT('Polisa'),'70080215251')
-- Oplaty
INSERT INTO Oplaty VALUES(1,'2014-09-23',2000) -- '2014-08-23','2019-08-23',2000
INSERT INTO Oplaty VALUES(1,'2015-09-23',2000)
INSERT INTO Oplaty VALUES(1,'2016-09-23',2000)
INSERT INTO Oplaty VALUES(1,'2017-09-23',2000)
INSERT INTO Oplaty VALUES(1,'2018-09-23',2000)
INSERT INTO Oplaty VALUES(2,'2019-09-23',6*2200) -- '2019-08-23','2026-08-23',2200
INSERT INTO Oplaty VALUES(2,'2020-09-23',6*2200)
INSERT INTO Oplaty VALUES(2,'2021-09-23',6*2200)
INSERT INTO Oplaty VALUES(3,'2016-03-26',2600.99)--'2016-03-21','2022-03-21',2600.99,
INSERT INTO Oplaty VALUES(3,'2017-03-26',2600.99)
INSERT INTO Oplaty VALUES(3,'2018-03-26',2600.99)
INSERT INTO Oplaty VALUES(3,'2019-03-26',2600.99)
INSERT INTO Oplaty VALUES(3,'2020-03-26',2600.99)
INSERT INTO Oplaty VALUES(3,'2021-03-26',2500.99)
INSERT INTO Oplaty VALUES(4,'2014-04-28',2900)--'2014-04-27','2019-04-27',2900,
INSERT INTO Oplaty VALUES(4,'2015-04-28',2900)
INSERT INTO Oplaty VALUES(4,'2016-04-28',2900)
INSERT INTO Oplaty VALUES(4,'2017-04-28',2900)
INSERT INTO Oplaty VALUES(4,'2018-04-28',2900)
INSERT INTO Oplaty VALUES(5,'2019-04-28',2900)-- '2019-04-27','2024-04-27', 2900
INSERT INTO Oplaty VALUES(5,'2020-04-28',2900)
INSERT INTO Oplaty VALUES(5,'2021-04-28',2900)
INSERT INTO Oplaty VALUES(6,'2013-01-12',2050)--'2013-01-11','2017-01-11',2050
INSERT INTO Oplaty VALUES(6,'2014-01-12',2050)
INSERT INTO Oplaty VALUES(6,'2015-01-12',2050)
INSERT INTO Oplaty VALUES(6,'2016-01-12',2050)
INSERT INTO Oplaty VALUES(7,'2017-01-12',6*2050)
INSERT INTO Oplaty VALUES(7,'2018-01-12',6*2050)
INSERT INTO Oplaty VALUES(7,'2019-01-12',6*2050)
INSERT INTO Oplaty VALUES(7,'2020-01-12',6*2030)
--'2018-02-03','2022-02-03',1300,
INSERT INTO Oplaty VALUES(8,'2018-03-10',1300)
INSERT INTO Oplaty VALUES(8,'2019-03-10',1300)
--'2013-01-24','2016-01-24',1600,
INSERT INTO Oplaty VALUES(9,'2013-02-12',1600)
INSERT INTO Oplaty VALUES(9,'2014-02-12',1600)
INSERT INTO Oplaty VALUES(9,'2015-02-12',1600)
INSERT INTO Oplaty VALUES(10,'2016-02-12',1500) -- '2016-01-24','2023-01-24',1500,
INSERT INTO Oplaty VALUES(10,'2017-02-12',1500)
INSERT INTO Oplaty VALUES(10,'2018-02-12',1500)
INSERT INTO Oplaty VALUES(10,'2019-02-12',1500)
INSERT INTO Oplaty VALUES(10,'2020-02-12',1500)
INSERT INTO Oplaty VALUES(10,'2021-02-12',1500)
--'2015-08-23','2020-03-25',3000,
INSERT INTO Oplaty VALUES(11,'2015-08-23',3000)
INSERT INTO Oplaty VALUES(11,'2016-08-23',3000)
INSERT INTO Oplaty VALUES(11,'2017-08-23',3000)
INSERT INTO Oplaty VALUES(11,'2018-08-23',3000)
INSERT INTO Oplaty VALUES(11,'2019-08-23',3000)
INSERT INTO Oplaty VALUES(12,'2020-08-23',3200)
INSERT INTO Oplaty VALUES(12,'2021-08-23',3200) 
-- '2019-03-16','2022-03-16',1900
INSERT INTO Oplaty VALUES(14,'2013-03-13',3000) --2013-03-13','2016-03-13',3000
INSERT INTO Oplaty VALUES(14,'2014-03-13',3000)
INSERT INTO Oplaty VALUES(14,'2015-03-13',3000)
--'2016-03-13','2022-03-13',2800,
INSERT INTO Oplaty VALUES(15,'2016-03-13',2800)
INSERT INTO Oplaty VALUES(15,'2017-03-13',2800)
INSERT INTO Oplaty VALUES(15,'2018-03-13',2800)
INSERT INTO Oplaty VALUES(15,'2019-03-13',2800)
INSERT INTO Oplaty VALUES(15,'2020-03-13',2800)
INSERT INTO Oplaty VALUES(15,'2021-03-13',2800)
--INSERT INTO Polisa VALUES('OC+AC+ASSISTANCE','2014-02-14','2020-02-14',4000,'74031397954','GKA87534')
INSERT INTO Oplaty VALUES(16,'2014-02-14',4000)
INSERT INTO Oplaty VALUES(16,'2015-02-14',4000)
INSERT INTO Oplaty VALUES(16,'2016-02-14',4000)
INSERT INTO Oplaty VALUES(16,'2017-02-14',4000)
INSERT INTO Oplaty VALUES(16,'2018-02-14',4000)
INSERT INTO Oplaty VALUES(16,'2019-02-14',4000)
--'2020-02-14','2024-02-14',3700,
INSERT INTO Oplaty VALUES(17,'2020-02-14',3700)
INSERT INTO Oplaty VALUES(17,'2021-02-14',3700)
--'2019-12-25','2025-12-25',4000
INSERT INTO Oplaty VALUES(18,'2019-12-26',4000)
INSERT INTO Oplaty VALUES(18,'2020-12-26',4000)
INSERT INTO Oplaty VALUES(18,'2021-12-26',4000)
--INSERT INTO Polisa VALUES('OC','2015-02-06','2020-02-06',1200,'94100469847','GDA96435')
INSERT INTO Oplaty VALUES(19,'2015-03-06',1200)
INSERT INTO Oplaty VALUES(19,'2016-03-06',1200)
INSERT INTO Oplaty VALUES(19,'2017-03-06',1200)
INSERT INTO Oplaty VALUES(19,'2018-03-06',1200)
INSERT INTO Oplaty VALUES(19,'2019-03-09',1200)

--Zdarzenia
--INSERT INTO Zdarzenie VALUES('Rodzaj','Opis','2017-08-23')
INSERT INTO Zdarzenie VALUES('Awaria','Zepsuty silnik','2019-07-23')
INSERT INTO Uczestnictwo_w_zdarzeniu VALUES (IDENT_CURRENT('Zdarzenie'),NULL,'GDA12345',NULL)
INSERT INTO Odszkodowanie VALUES(10000.30,'2019-09-24','93120584857', IDENT_CURRENT('Zdarzenie'),1)

INSERT INTO Zdarzenie VALUES('Awaria','Zepsuty silnik','2020-03-12')
INSERT INTO Uczestnictwo_w_zdarzeniu VALUES (IDENT_CURRENT('Zdarzenie'),NULL,'GDA12345',NULL)
INSERT INTO Odszkodowanie VALUES(15000.30,'2019-09-24','93120584857', IDENT_CURRENT('Zdarzenie'),2)


INSERT INTO Zdarzenie VALUES('Wypadek','Stluczka','2016-04-12')
INSERT INTO Uczestnictwo_w_zdarzeniu VALUES (IDENT_CURRENT('Zdarzenie'),'61101135754','GKA12765','TRUE')
INSERT INTO Wykroczenie VALUES ('Wymuszenie pierszeñstwa', IDENT_CURRENT('Uczestnictwo_w_zdarzeniu'))
INSERT INTO Uczestnictwo_w_zdarzeniu VALUES (IDENT_CURRENT('Zdarzenie'),'61082577748','KRK73371','FALSE')
INSERT INTO Uczestnictwo_w_zdarzeniu VALUES (IDENT_CURRENT('Zdarzenie'),'94100469847','GDA12390','FALSE')
INSERT INTO Odszkodowanie VALUES(12000.30,'2016-09-24','94100469847', IDENT_CURRENT('Zdarzenie'),3)
INSERT INTO Odszkodowanie VALUES(7000.99,'2016-09-26','61082577748', IDENT_CURRENT('Zdarzenie'),3)

INSERT INTO Zdarzenie VALUES('Wypadek','Potracenie pieszych','2021-03-10')
INSERT INTO Uczestnictwo_w_zdarzeniu VALUES (IDENT_CURRENT('Zdarzenie'),'61082577748','GKA12477','TRUE')
INSERT INTO Wykroczenie VALUES ('Jazda na czerwonym œwietle', IDENT_CURRENT('Uczestnictwo_w_zdarzeniu'))
INSERT INTO Uczestnictwo_w_zdarzeniu VALUES (IDENT_CURRENT('Zdarzenie'),'89012912532',NULL,'FALSE')
INSERT INTO Uczestnictwo_w_zdarzeniu VALUES (IDENT_CURRENT('Zdarzenie'),'72090215471',NULL,'FALSE')
INSERT INTO Odszkodowanie VALUES(12000.30,'2016-09-24','72090215471', IDENT_CURRENT('Zdarzenie'),21)
INSERT INTO Odszkodowanie VALUES(7000.99,'2016-09-26','89012912532', IDENT_CURRENT('Zdarzenie'),21)

INSERT INTO Zdarzenie VALUES('Awaria','Peknieta Lusterko','2020-03-12')
INSERT INTO Uczestnictwo_w_zdarzeniu VALUES (IDENT_CURRENT('Zdarzenie'),NULL,'WA521157',NULL)
INSERT INTO Odszkodowanie VALUES(15000.30,'2019-09-24','94100469847', IDENT_CURRENT('Zdarzenie'),13)

INSERT INTO Zdarzenie VALUES('Wypadek','Wjechanie w auto na parkingu','2016-04-12')
INSERT INTO Uczestnictwo_w_zdarzeniu VALUES (IDENT_CURRENT('Zdarzenie'),'61101135754','GDA96435','TRUE')
INSERT INTO Uczestnictwo_w_zdarzeniu VALUES (IDENT_CURRENT('Zdarzenie'),NULL,'GDA12390',NULL)
INSERT INTO Odszkodowanie VALUES(70000.30,'2016-05-24','95103097732', IDENT_CURRENT('Zdarzenie'),19)

INSERT INTO Zdarzenie VALUES('Wypadek','Stluczka i potr¹cenie','2018-04-12')
INSERT INTO Uczestnictwo_w_zdarzeniu VALUES (IDENT_CURRENT('Zdarzenie'),'90080971929','KRK16433','TRUE')
INSERT INTO Wykroczenie VALUES ('Jazda na czerwonym œwietle', IDENT_CURRENT('Uczestnictwo_w_zdarzeniu'))
INSERT INTO Wykroczenie VALUES ('Przekroczenie predkosci', IDENT_CURRENT('Uczestnictwo_w_zdarzeniu'))
INSERT INTO Uczestnictwo_w_zdarzeniu VALUES (IDENT_CURRENT('Zdarzenie'),'80102575738','KRK11751','FALSE')
INSERT INTO Uczestnictwo_w_zdarzeniu VALUES (IDENT_CURRENT('Zdarzenie'),'94100469847',NULL,'FALSE')
INSERT INTO Odszkodowanie VALUES(16000.30,'2016-09-24','94100469847', IDENT_CURRENT('Zdarzenie'),15)
INSERT INTO Odszkodowanie VALUES(8000.99,'2016-09-26','01220553251', IDENT_CURRENT('Zdarzenie'),15)

INSERT INTO Zdarzenie VALUES('Awaria','Przebita opona','2021-03-12')
INSERT INTO Uczestnictwo_w_zdarzeniu VALUES (IDENT_CURRENT('Zdarzenie'),NULL,'KRK24424',NULL)
INSERT INTO Odszkodowanie VALUES(2000.30,'2021-04-30','01220553251', IDENT_CURRENT('Zdarzenie'),18)

INSERT INTO Zdarzenie VALUES('Kradziez',NULL,'2021-03-12')
INSERT INTO Uczestnictwo_w_zdarzeniu VALUES (IDENT_CURRENT('Zdarzenie'),NULL,'GDA12333',NULL)
INSERT INTO Odszkodowanie VALUES(340000.99,'2021-04-16','70080215251', IDENT_CURRENT('Zdarzenie'),22)

INSERT INTO Zdarzenie(Rodzaj,Data_zdarzenia) VALUES('Awaria','2021-03-12') -- Defaultowy opis
INSERT INTO Uczestnictwo_w_zdarzeniu VALUES (IDENT_CURRENT('Zdarzenie'),NULL,'GDA12735',NULL)
INSERT INTO Odszkodowanie VALUES(300.999,'2021-05-12','70080215251', IDENT_CURRENT('Zdarzenie'),12)

INSERT INTO Zdarzenie VALUES('Wypadek','Stluczka','2020-04-12')
INSERT INTO Uczestnictwo_w_zdarzeniu VALUES (IDENT_CURRENT('Zdarzenie'),'74031397954','KRK24424','TRUE')
INSERT INTO Wykroczenie VALUES ('Wymuszenie pierszeñstwa', IDENT_CURRENT('Uczestnictwo_w_zdarzeniu'))
INSERT INTO Uczestnictwo_w_zdarzeniu VALUES (IDENT_CURRENT('Zdarzenie'),'99070315991','PZ453123','FALSE')
INSERT INTO Uczestnictwo_w_zdarzeniu VALUES (IDENT_CURRENT('Zdarzenie'),'94100469847','GDA12390','FALSE')
INSERT INTO Odszkodowanie VALUES(15000.30,'2020-05-12','94100469847', IDENT_CURRENT('Zdarzenie'),18)
INSERT INTO Odszkodowanie VALUES(3000.99,'2020-05-12','99070315991', IDENT_CURRENT('Zdarzenie'),18)

INSERT INTO Zdarzenie VALUES('Wypadek','Stluczka','2020-07-10')
INSERT INTO Uczestnictwo_w_zdarzeniu VALUES (IDENT_CURRENT('Zdarzenie'),'74031397954','KRK24424','TRUE')
INSERT INTO Wykroczenie VALUES ('Jazda na czerwonym œwietle', IDENT_CURRENT('Uczestnictwo_w_zdarzeniu'))
INSERT INTO Wykroczenie VALUES ('Przekroczenie prêdkoœci o 40 km/h', IDENT_CURRENT('Uczestnictwo_w_zdarzeniu'))
INSERT INTO Uczestnictwo_w_zdarzeniu VALUES (IDENT_CURRENT('Zdarzenie'),'94100469847','GDA12390','FALSE')
INSERT INTO Odszkodowanie VALUES(15000.30,'2020-07-19','94100469847', IDENT_CURRENT('Zdarzenie'),18)

INSERT INTO Zdarzenie VALUES('Wypadek','Stluczka i potr¹cenie','2015-07-10')
INSERT INTO Uczestnictwo_w_zdarzeniu VALUES (IDENT_CURRENT('Zdarzenie'),'81030349481','KRK16425','TRUE')
INSERT INTO Wykroczenie VALUES ('Jazda na czerwonym œwietle', IDENT_CURRENT('Uczestnictwo_w_zdarzeniu'))
INSERT INTO Wykroczenie VALUES ('Przekroczenie prêdkoœci o 20 km/h', IDENT_CURRENT('Uczestnictwo_w_zdarzeniu'))
INSERT INTO Uczestnictwo_w_zdarzeniu VALUES (IDENT_CURRENT('Zdarzenie'),'94100469847','GDA12390','FALSE')
INSERT INTO Uczestnictwo_w_zdarzeniu VALUES (IDENT_CURRENT('Zdarzenie'),'89012912532',NULL,'FALSE')
INSERT INTO Odszkodowanie VALUES(15000.30,'2015-07-12','94100469847', IDENT_CURRENT('Zdarzenie'),6)
INSERT INTO Odszkodowanie VALUES(15000.30,'2015-07-12','94100469847', IDENT_CURRENT('Zdarzenie'),6)


INSERT INTO Zdarzenie VALUES('Wypadek','Potracenie pieszego','2021-03-10')
INSERT INTO Uczestnictwo_w_zdarzeniu VALUES (IDENT_CURRENT('Zdarzenie'),'61082577748','GKA12477','TRUE')
INSERT INTO Wykroczenie VALUES ('Jazda na czerwonym œwietle', IDENT_CURRENT('Uczestnictwo_w_zdarzeniu'))
INSERT INTO Uczestnictwo_w_zdarzeniu VALUES (IDENT_CURRENT('Zdarzenie'),'81030349481',NULL,'FALSE')
INSERT INTO Odszkodowanie VALUES(13030.99,'2021-03-19','81030349481', IDENT_CURRENT('Zdarzenie'),21)

INSERT INTO Zdarzenie VALUES('Awaria','Zepsute podwozie','2020-03-12')
INSERT INTO Uczestnictwo_w_zdarzeniu VALUES (IDENT_CURRENT('Zdarzenie'),NULL,'KRK16433',NULL)
INSERT INTO Odszkodowanie VALUES(9000.30,'2020-04-12','90080971929', IDENT_CURRENT('Zdarzenie'),15)

--
INSERT INTO Zdarzenie(Rodzaj,Data_zdarzenia) VALUES('Awaria','2020-03-12') -- Defaultowy opis
INSERT INTO Uczestnictwo_w_zdarzeniu VALUES (IDENT_CURRENT('Zdarzenie'),NULL,'WA14315',NULL)
INSERT INTO Odszkodowanie VALUES(990.99,'2021-03-12','81030349481', IDENT_CURRENT('Zdarzenie'),5)

INSERT INTO Zdarzenie VALUES('Wypadek','Stluczka','2019-05-12')
INSERT INTO Uczestnictwo_w_zdarzeniu VALUES (IDENT_CURRENT('Zdarzenie'),'90080971929','KRK16433','TRUE')
INSERT INTO Wykroczenie VALUES ('Wymuszenie pierszeñstwa', IDENT_CURRENT('Uczestnictwo_w_zdarzeniu'))
INSERT INTO Uczestnictwo_w_zdarzeniu VALUES (IDENT_CURRENT('Zdarzenie'),'94100469847','GDA12390','FALSE')
INSERT INTO Uczestnictwo_w_zdarzeniu VALUES (IDENT_CURRENT('Zdarzenie'),'95103097732','KRK11751','FALSE')
INSERT INTO Odszkodowanie VALUES(2200.30,'2019-05-19','94100469847', IDENT_CURRENT('Zdarzenie'),15)
INSERT INTO Odszkodowanie VALUES(9900.99,'2019-05-18','99070315991', IDENT_CURRENT('Zdarzenie'),15)

INSERT INTO Zdarzenie VALUES('Wypadek','Stluczka','2021-09-10')
INSERT INTO Uczestnictwo_w_zdarzeniu VALUES (IDENT_CURRENT('Zdarzenie'),'70080215251','GDA12333','TRUE')
INSERT INTO Wykroczenie VALUES ('Jazda na czerwonym œwietle', IDENT_CURRENT('Uczestnictwo_w_zdarzeniu'))
INSERT INTO Wykroczenie VALUES ('Przekroczenie prêdkoœci o 35 km/h', IDENT_CURRENT('Uczestnictwo_w_zdarzeniu'))
INSERT INTO Uczestnictwo_w_zdarzeniu VALUES (IDENT_CURRENT('Zdarzenie'),'94100469847','GDA12390','FALSE')
INSERT INTO Odszkodowanie VALUES(13330.30,'2021-09-12','94100469847', IDENT_CURRENT('Zdarzenie'),22)

INSERT INTO Zdarzenie VALUES('Wypadek','Stluczka i potr¹cenie','2019-07-10')
INSERT INTO Uczestnictwo_w_zdarzeniu VALUES (IDENT_CURRENT('Zdarzenie'),'94100469847','GDA12390','TRUE')
INSERT INTO Wykroczenie VALUES ('Wyprzedzanie na podwójnej ci¹g³ej', IDENT_CURRENT('Uczestnictwo_w_zdarzeniu'))
INSERT INTO Wykroczenie VALUES ('Przekroczenie prêdkoœci o 20 km/h', IDENT_CURRENT('Uczestnictwo_w_zdarzeniu'))
INSERT INTO Uczestnictwo_w_zdarzeniu VALUES (IDENT_CURRENT('Zdarzenie'),'90080971929','GKA87534','FALSE')
INSERT INTO Uczestnictwo_w_zdarzeniu VALUES (IDENT_CURRENT('Zdarzenie'),'70080215251',NULL,'FALSE')
INSERT INTO Odszkodowanie VALUES(12115.30,'2019-08-10','90080971929', IDENT_CURRENT('Zdarzenie'),8)
INSERT INTO Odszkodowanie VALUES(300.30,'2019-09-13','70080215251', IDENT_CURRENT('Zdarzenie'),8)


INSERT INTO Zdarzenie VALUES('Wypadek','Potracenie pieszego','2014-11-18')
INSERT INTO Uczestnictwo_w_zdarzeniu VALUES (IDENT_CURRENT('Zdarzenie'),'81030349481','KRK16425','TRUE')
INSERT INTO Wykroczenie VALUES ('Przekroczenie prêdkoœci o 40 km/h', IDENT_CURRENT('Uczestnictwo_w_zdarzeniu'))
INSERT INTO Uczestnictwo_w_zdarzeniu VALUES (IDENT_CURRENT('Zdarzenie'),'94100469847',NULL,'FALSE')
INSERT INTO Odszkodowanie VALUES(20030.39,'2014-12-18','94100469847', IDENT_CURRENT('Zdarzenie'),6)

--
INSERT INTO Zdarzenie VALUES('Awaria','Awaria podwozia','2021-03-12') 
INSERT INTO Uczestnictwo_w_zdarzeniu VALUES (IDENT_CURRENT('Zdarzenie'),NULL,'KRK24424',NULL)
INSERT INTO Odszkodowanie VALUES(990.99,'2021-03-13','01220553251', IDENT_CURRENT('Zdarzenie'),18)

INSERT INTO Zdarzenie VALUES('Wypadek','Stluczka','2018-05-12')
INSERT INTO Uczestnictwo_w_zdarzeniu VALUES (IDENT_CURRENT('Zdarzenie'),'61101135754','GKA12765','TRUE')
INSERT INTO Wykroczenie VALUES ('Wymuszenie pierszeñstwa', IDENT_CURRENT('Uczestnictwo_w_zdarzeniu'))
INSERT INTO Wykroczenie VALUES ('Przekroczenie prêdkoœci o 28 km/h', IDENT_CURRENT('Uczestnictwo_w_zdarzeniu'))
INSERT INTO Uczestnictwo_w_zdarzeniu VALUES (IDENT_CURRENT('Zdarzenie'),'70080215251','GDA12333','FALSE')
INSERT INTO Uczestnictwo_w_zdarzeniu VALUES (IDENT_CURRENT('Zdarzenie'),'95103097732','KRK11751','FALSE')
INSERT INTO Odszkodowanie VALUES(900.30,'2018-05-19','70080215251', IDENT_CURRENT('Zdarzenie'),3)
INSERT INTO Odszkodowanie VALUES(98900.99,'2018-05-18','95103097732', IDENT_CURRENT('Zdarzenie'),3)

INSERT INTO Zdarzenie VALUES('Wypadek','Stluczka','2018-09-10')
INSERT INTO Uczestnictwo_w_zdarzeniu VALUES (IDENT_CURRENT('Zdarzenie'),'81030349481','WA14315','TRUE')
INSERT INTO Wykroczenie VALUES ('Jazda na czerwonym œwietle', IDENT_CURRENT('Uczestnictwo_w_zdarzeniu'))
INSERT INTO Wykroczenie VALUES ('Przekroczenie prêdkoœci o 35 km/h', IDENT_CURRENT('Uczestnictwo_w_zdarzeniu'))
INSERT INTO Uczestnictwo_w_zdarzeniu VALUES (IDENT_CURRENT('Zdarzenie'),'90080971929','GKA87534','FALSE')
INSERT INTO Odszkodowanie VALUES(23330.30,'2020-09-12','90080971929', IDENT_CURRENT('Zdarzenie'),4)

INSERT INTO Zdarzenie VALUES('Wypadek','Stluczka i potr¹cenie','2016-01-01')
INSERT INTO Uczestnictwo_w_zdarzeniu VALUES (IDENT_CURRENT('Zdarzenie'),'95103097732','KRK11751','TRUE')
INSERT INTO Wykroczenie VALUES ('Wyprzedzanie na podwójnej ci¹g³ej', IDENT_CURRENT('Uczestnictwo_w_zdarzeniu'))
INSERT INTO Wykroczenie VALUES ('Jazda bez œwiate³', IDENT_CURRENT('Uczestnictwo_w_zdarzeniu'))
INSERT INTO Uczestnictwo_w_zdarzeniu VALUES (IDENT_CURRENT('Zdarzenie'),'80102575738','KRK16433','FALSE')
INSERT INTO Uczestnictwo_w_zdarzeniu VALUES (IDENT_CURRENT('Zdarzenie'),'99070315991',NULL,'FALSE')--
INSERT INTO Odszkodowanie VALUES(19115.30,'2016-08-10','99070315991', IDENT_CURRENT('Zdarzenie'),9)--
INSERT INTO Odszkodowanie VALUES(330.30,'2016-09-13','80102575738', IDENT_CURRENT('Zdarzenie'),9)


INSERT INTO Zdarzenie VALUES('Wypadek','Potracenie pieszego','2020-11-18')
INSERT INTO Uczestnictwo_w_zdarzeniu VALUES (IDENT_CURRENT('Zdarzenie'),'94100469847','WA521157','TRUE')
INSERT INTO Wykroczenie VALUES ('Przekroczenie prêdkoœci o 40 km/h', IDENT_CURRENT('Uczestnictwo_w_zdarzeniu'))
INSERT INTO Uczestnictwo_w_zdarzeniu VALUES (IDENT_CURRENT('Zdarzenie'),'99070315991',NULL,'FALSE')
INSERT INTO Odszkodowanie VALUES(9030.46,'2020-12-18','99070315991', IDENT_CURRENT('Zdarzenie'),13)

--n
INSERT INTO Zdarzenie VALUES('Awaria','Pêkniêta przednia szyba','2021-02-13') 
INSERT INTO Uczestnictwo_w_zdarzeniu VALUES (IDENT_CURRENT('Zdarzenie'),NULL,'GKA87534',NULL)
INSERT INTO Odszkodowanie VALUES(3390.99,'2021-03-17','74031397954', IDENT_CURRENT('Zdarzenie'),17)

INSERT INTO Zdarzenie VALUES('Wypadek','Stluczka','2021-05-12')
INSERT INTO Uczestnictwo_w_zdarzeniu VALUES (IDENT_CURRENT('Zdarzenie'),'70080215251','GDA12735','TRUE')
INSERT INTO Wykroczenie VALUES ('Przekroczenie prêdkoœci o 22 km/h', IDENT_CURRENT('Uczestnictwo_w_zdarzeniu'))
INSERT INTO Uczestnictwo_w_zdarzeniu VALUES (IDENT_CURRENT('Zdarzenie'),'94100469847','GDA12390','FALSE')
INSERT INTO Odszkodowanie VALUES(23000.34,'2021-05-19','94100469847', IDENT_CURRENT('Zdarzenie'),12)


INSERT INTO Zdarzenie VALUES('Wypadek','Stluczka','2021-09-10')
INSERT INTO Uczestnictwo_w_zdarzeniu VALUES (IDENT_CURRENT('Zdarzenie'),'90080971929','KRK16433','TRUE')
INSERT INTO Wykroczenie VALUES ('Wyprzedzanie na zakrêcie', IDENT_CURRENT('Uczestnictwo_w_zdarzeniu'))
INSERT INTO Wykroczenie VALUES ('Przekroczenie prêdkoœci o 60 km/h', IDENT_CURRENT('Uczestnictwo_w_zdarzeniu'))
INSERT INTO Uczestnictwo_w_zdarzeniu VALUES (IDENT_CURRENT('Zdarzenie'),'61101135754','GKA12765','FALSE')
INSERT INTO Odszkodowanie VALUES(80030.30,'2021-09-12','61101135754', IDENT_CURRENT('Zdarzenie'),15)

INSERT INTO Zdarzenie VALUES('Wypadek','Stluczka i potr¹cenie','2021-09-15')
INSERT INTO Uczestnictwo_w_zdarzeniu VALUES (IDENT_CURRENT('Zdarzenie'),'70080215251','GDA12735','TRUE')
INSERT INTO Wykroczenie VALUES ('Wyprzedzanie na podwójnej ci¹g³ej', IDENT_CURRENT('Uczestnictwo_w_zdarzeniu'))
INSERT INTO Wykroczenie VALUES ('Jazda bez œwiate³', IDENT_CURRENT('Uczestnictwo_w_zdarzeniu'))
INSERT INTO Uczestnictwo_w_zdarzeniu VALUES (IDENT_CURRENT('Zdarzenie'),'61082577748','KRK73371','FALSE')
INSERT INTO Uczestnictwo_w_zdarzeniu VALUES (IDENT_CURRENT('Zdarzenie'),'89012912532',NULL,'FALSE')--
INSERT INTO Odszkodowanie VALUES(19115.30,'2021-10-10','61082577748', IDENT_CURRENT('Zdarzenie'),12)--
INSERT INTO Odszkodowanie VALUES(2222.20,'2021-09-13','89012912532', IDENT_CURRENT('Zdarzenie'),12)


INSERT INTO Zdarzenie VALUES('Wypadek','Potracenie pieszego','2018-11-18')
INSERT INTO Uczestnictwo_w_zdarzeniu VALUES (IDENT_CURRENT('Zdarzenie'),'94100469847','GDA96435','TRUE')
INSERT INTO Wykroczenie VALUES ('Jazda na czerwonym œwietle', IDENT_CURRENT('Uczestnictwo_w_zdarzeniu'))
INSERT INTO Uczestnictwo_w_zdarzeniu VALUES (IDENT_CURRENT('Zdarzenie'),'81030349481',NULL,'FALSE')
INSERT INTO Odszkodowanie VALUES(8030.46,'2020-12-18','81030349481', IDENT_CURRENT('Zdarzenie'),19)


INSERT INTO Zdarzenie VALUES('Awaria','Awaria karoserii','2018-03-12') 
INSERT INTO Uczestnictwo_w_zdarzeniu VALUES (IDENT_CURRENT('Zdarzenie'),NULL,'GDA12735',NULL)
INSERT INTO Odszkodowanie VALUES(1900.99,'2018-03-13','70080215251', IDENT_CURRENT('Zdarzenie'),11)

INSERT INTO Zdarzenie VALUES('Awaria','Awaria podwozia','2020-04-12') 
INSERT INTO Uczestnictwo_w_zdarzeniu VALUES (IDENT_CURRENT('Zdarzenie'),NULL,'KRK16433',NULL)
INSERT INTO Odszkodowanie VALUES(990.99,'2021-04-13','90080971929', IDENT_CURRENT('Zdarzenie'),15)

INSERT INTO Zdarzenie VALUES('Awaria','Awaria ko³a','2021-04-12') 
INSERT INTO Uczestnictwo_w_zdarzeniu VALUES (IDENT_CURRENT('Zdarzenie'),NULL,'KRK24424',NULL)
INSERT INTO Odszkodowanie VALUES(1220.99,'2021-04-12','01220553251', IDENT_CURRENT('Zdarzenie'),18)

INSERT INTO Zdarzenie VALUES('Awaria','Awaria zawieszenia','2021-03-12') 
INSERT INTO Uczestnictwo_w_zdarzeniu VALUES (IDENT_CURRENT('Zdarzenie'),NULL,'GKA12477',NULL)
INSERT INTO Odszkodowanie VALUES(9900.99,'2021-03-13','61082577748', IDENT_CURRENT('Zdarzenie'),21)

INSERT INTO Zdarzenie VALUES('Awaria','Awaria klimatyzacji','2018-03-12') 
INSERT INTO Uczestnictwo_w_zdarzeniu VALUES (IDENT_CURRENT('Zdarzenie'),NULL,'WA14315',NULL)
INSERT INTO Odszkodowanie VALUES(500.33,'2021-03-13','81030349481', IDENT_CURRENT('Zdarzenie'),18)

--------
INSERT INTO Zdarzenie VALUES('Awaria','Awaria karoserii','2015-03-12') 
INSERT INTO Uczestnictwo_w_zdarzeniu VALUES (IDENT_CURRENT('Zdarzenie'),NULL,'KRK16433',NULL)
INSERT INTO Odszkodowanie VALUES(1300.99,'2015-03-13','90080971929', IDENT_CURRENT('Zdarzenie'),14)

INSERT INTO Zdarzenie VALUES('Awaria','Awaria podwozia','2021-04-12') 
INSERT INTO Uczestnictwo_w_zdarzeniu VALUES (IDENT_CURRENT('Zdarzenie'),NULL,'GDA12333',NULL)
INSERT INTO Odszkodowanie VALUES(9090.99,'2021-04-13','70080215251', IDENT_CURRENT('Zdarzenie'),22)

INSERT INTO Zdarzenie VALUES('Awaria','Awaria ko³a','2021-04-12') 
INSERT INTO Uczestnictwo_w_zdarzeniu VALUES (IDENT_CURRENT('Zdarzenie'),NULL,'KRK11751',NULL)
INSERT INTO Odszkodowanie VALUES(990.99,'2021-04-12','80102575738', IDENT_CURRENT('Zdarzenie'),10)

INSERT INTO Zdarzenie VALUES('Awaria','Awaria zawieszenia','2021-03-12') 
INSERT INTO Uczestnictwo_w_zdarzeniu VALUES (IDENT_CURRENT('Zdarzenie'),NULL,'GKA87534',NULL)
INSERT INTO Odszkodowanie VALUES(2220.99,'2021-03-13','74031397954', IDENT_CURRENT('Zdarzenie'),17)

INSERT INTO Zdarzenie VALUES('Awaria','Awaria klimatyzacji','2021-03-12') 
INSERT INTO Uczestnictwo_w_zdarzeniu VALUES (IDENT_CURRENT('Zdarzenie'),NULL,'GDA12333',NULL)
INSERT INTO Odszkodowanie VALUES(920.99,'2021-03-21','70080215251', IDENT_CURRENT('Zdarzenie'),22)

--Dodatkowe
INSERT INTO Samochod VALUES ('GDA129993',2020,'Tesla','S')
INSERT INTO Polisa VALUES('OC+AC','2014-08-23','2019-08-23',2000,'GDA129993')--
INSERT INTO Ubezpieczenie VALUES(IDENT_CURRENT('Polisa'),'95103097732')
INSERT INTO Posiadanie VALUES ('GDA129993','95103097732')